image_path,pages_count,pages_sample
Img/designrush-badge.png,935,404.html | accessibilita-arese.html | accessibilita-bareggio.html | accessibilita-bollate.html | accessibilita-bresso.html | accessibilita-buccinasco.html | accessibilita-caronno-pertusella.html | accessibilita-cerro-maggiore.html | accessibilita-cesano-boscone.html | accessibilita-cinisello-balsamo.html | accessibilita-cologno-monzese.html | accessibilita-cormano.html
Img/webnovis-logo-bianco-150.webp,935,404.html | accessibilita-arese.html | accessibilita-bareggio.html | accessibilita-bollate.html | accessibilita-bresso.html | accessibilita-buccinasco.html | accessibilita-caronno-pertusella.html | accessibilita-cerro-maggiore.html | accessibilita-cesano-boscone.html | accessibilita-cinisello-balsamo.html | accessibilita-cologno-monzese.html | accessibilita-cormano.html
Img/webnovis-logo-bianco-300.png,935,404.html | accessibilita-arese.html | accessibilita-bareggio.html | accessibilita-bollate.html | accessibilita-bresso.html | accessibilita-buccinasco.html | accessibilita-caronno-pertusella.html | accessibilita-cerro-maggiore.html | accessibilita-cesano-boscone.html | accessibilita-cinisello-balsamo.html | accessibilita-cologno-monzese.html | accessibilita-cormano.html
Img/webnovis-logo-bianco.png,924,404.html | accessibilita-arese.html | accessibilita-bareggio.html | accessibilita-bollate.html | accessibilita-bresso.html | accessibilita-buccinasco.html | accessibilita-caronno-pertusella.html | accessibilita-cerro-maggiore.html | accessibilita-cesano-boscone.html | accessibilita-cinisello-balsamo.html | accessibilita-cologno-monzese.html | accessibilita-cormano.html
Img/webnovis-logo-bianco.webp,924,404.html | accessibilita-arese.html | accessibilita-bareggio.html | accessibilita-bollate.html | accessibilita-bresso.html | accessibilita-buccinasco.html | accessibilita-caronno-pertusella.html | accessibilita-cerro-maggiore.html | accessibilita-cesano-boscone.html | accessibilita-cinisello-balsamo.html | accessibilita-cologno-monzese.html | accessibilita-cormano.html
Img/goodfirms-logo.jpeg,230,blog/ab-testing-sito-web.html | blog/above-the-fold-ottimizzazione.html | blog/accessibilita-web-guida.html | blog/aggiornamenti-algoritmo-google-2026.html | blog/alternativa-linktree-link-in-bio.html | blog/analisi-competitiva-online.html | blog/api-rest-cosa-sono.html | blog/architettura-informazioni-sito.html | blog/attribution-marketing-modelli.html | blog/automazione-processi-aziendali.html | blog/biglietti-visita-design.html | blog/blog-aziendale-perche.html
Img/goodfirms-logo.webp,230,blog/ab-testing-sito-web.html | blog/above-the-fold-ottimizzazione.html | blog/accessibilita-web-guida.html | blog/aggiornamenti-algoritmo-google-2026.html | blog/alternativa-linktree-link-in-bio.html | blog/analisi-competitiva-online.html | blog/api-rest-cosa-sono.html | blog/architettura-informazioni-sito.html | blog/attribution-marketing-modelli.html | blog/automazione-processi-aziendali.html | blog/biglietti-visita-design.html | blog/blog-aziendale-perche.html
Img/rho-web-design-studio-sm.webp,41,realizzazione-siti-web-arese.html | realizzazione-siti-web-arluno.html | realizzazione-siti-web-baranzate.html | realizzazione-siti-web-bareggio.html | realizzazione-siti-web-bollate.html | realizzazione-siti-web-bresso.html | realizzazione-siti-web-buccinasco.html | realizzazione-siti-web-caronno-pertusella.html | realizzazione-siti-web-castellanza.html | realizzazione-siti-web-cerro-maggiore.html | realizzazione-siti-web-cesano-boscone.html | realizzazione-siti-web-cesate.html
Img/rho-web-design-studio.png,41,realizzazione-siti-web-arese.html | realizzazione-siti-web-arluno.html | realizzazione-siti-web-baranzate.html | realizzazione-siti-web-bareggio.html | realizzazione-siti-web-bollate.html | realizzazione-siti-web-bresso.html | realizzazione-siti-web-buccinasco.html | realizzazione-siti-web-caronno-pertusella.html | realizzazione-siti-web-castellanza.html | realizzazione-siti-web-cerro-maggiore.html | realizzazione-siti-web-cesano-boscone.html | realizzazione-siti-web-cesate.html
Img/rho-web-design-studio.webp,41,realizzazione-siti-web-arese.html | realizzazione-siti-web-arluno.html | realizzazione-siti-web-baranzate.html | realizzazione-siti-web-bareggio.html | realizzazione-siti-web-bollate.html | realizzazione-siti-web-bresso.html | realizzazione-siti-web-buccinasco.html | realizzazione-siti-web-caronno-pertusella.html | realizzazione-siti-web-castellanza.html | realizzazione-siti-web-cerro-maggiore.html | realizzazione-siti-web-cesano-boscone.html | realizzazione-siti-web-cesate.html
Img/rho-digital-ecosystem.png,40,realizzazione-siti-web-arluno.html | realizzazione-siti-web-baranzate.html | realizzazione-siti-web-bareggio.html | realizzazione-siti-web-bollate.html | realizzazione-siti-web-bresso.html | realizzazione-siti-web-buccinasco.html | realizzazione-siti-web-caronno-pertusella.html | realizzazione-siti-web-castellanza.html | realizzazione-siti-web-cerro-maggiore.html | realizzazione-siti-web-cesano-boscone.html | realizzazione-siti-web-cesate.html | realizzazione-siti-web-cinisello-balsamo.html
Img/rho-fiera-milano.png,40,realizzazione-siti-web-arluno.html | realizzazione-siti-web-baranzate.html | realizzazione-siti-web-bareggio.html | realizzazione-siti-web-bollate.html | realizzazione-siti-web-bresso.html | realizzazione-siti-web-buccinasco.html | realizzazione-siti-web-caronno-pertusella.html | realizzazione-siti-web-castellanza.html | realizzazione-siti-web-cerro-maggiore.html | realizzazione-siti-web-cesano-boscone.html | realizzazione-siti-web-cesate.html | realizzazione-siti-web-cinisello-balsamo.html
Img/rho-digital-ecosystem-sm.webp,37,realizzazione-siti-web-arluno.html | realizzazione-siti-web-baranzate.html | realizzazione-siti-web-bareggio.html | realizzazione-siti-web-bollate.html | realizzazione-siti-web-bresso.html | realizzazione-siti-web-buccinasco.html | realizzazione-siti-web-caronno-pertusella.html | realizzazione-siti-web-castellanza.html | realizzazione-siti-web-cerro-maggiore.html | realizzazione-siti-web-cesano-boscone.html | realizzazione-siti-web-cesate.html | realizzazione-siti-web-cinisello-balsamo.html
Img/rho-digital-ecosystem.webp,37,realizzazione-siti-web-arluno.html | realizzazione-siti-web-baranzate.html | realizzazione-siti-web-bareggio.html | realizzazione-siti-web-bollate.html | realizzazione-siti-web-bresso.html | realizzazione-siti-web-buccinasco.html | realizzazione-siti-web-caronno-pertusella.html | realizzazione-siti-web-castellanza.html | realizzazione-siti-web-cerro-maggiore.html | realizzazione-siti-web-cesano-boscone.html | realizzazione-siti-web-cesate.html | realizzazione-siti-web-cinisello-balsamo.html
Img/rho-fiera-milano-sm.webp,37,realizzazione-siti-web-arluno.html | realizzazione-siti-web-baranzate.html | realizzazione-siti-web-bareggio.html | realizzazione-siti-web-bollate.html | realizzazione-siti-web-bresso.html | realizzazione-siti-web-buccinasco.html | realizzazione-siti-web-caronno-pertusella.html | realizzazione-siti-web-castellanza.html | realizzazione-siti-web-cerro-maggiore.html | realizzazione-siti-web-cesano-boscone.html | realizzazione-siti-web-cesate.html | realizzazione-siti-web-cinisello-balsamo.html
Img/rho-fiera-milano.webp,37,realizzazione-siti-web-arluno.html | realizzazione-siti-web-baranzate.html | realizzazione-siti-web-bareggio.html | realizzazione-siti-web-bollate.html | realizzazione-siti-web-bresso.html | realizzazione-siti-web-buccinasco.html | realizzazione-siti-web-caronno-pertusella.html | realizzazione-siti-web-castellanza.html | realizzazione-siti-web-cerro-maggiore.html | realizzazione-siti-web-cesano-boscone.html | realizzazione-siti-web-cesate.html | realizzazione-siti-web-cinisello-balsamo.html
portfolio/case-study/Img/webnovis-logo-bianco.webp,11,portfolio/case-study/aether-digital.html | portfolio/case-study/arconti31.html | portfolio/case-study/ember-oak.html | portfolio/case-study/fbtotalsecurity.html | portfolio/case-study/lumina-creative.html | portfolio/case-study/mikuna.html | portfolio/case-study/mimmo-fratelli.html | portfolio/case-study/muse-editorial.html | portfolio/case-study/popblock-studio.html | portfolio/case-study/quickseo.html | portfolio/case-study/structure-arch.html
