page,ref,resolved_path
blog/index.html,../Img/blog/blog-gestione-social.png,Img/blog/blog-gestione-social.png
blog/index.html,../Img/blog/blog-agency-vs-freelance.png,Img/blog/blog-agency-vs-freelance.png
blog/index.html,../Img/blog/blog-fai-da-te-vs-pro.png,Img/blog/blog-fai-da-te-vs-pro.png
blog/index.html,../Img/blog/blog-serve-sito-web.png,Img/blog/blog-serve-sito-web.png
blog/index.html,../Img/blog/blog-shopify-vs-custom.png,Img/blog/blog-shopify-vs-custom.png
blog/index.html,../Img/blog/blog-meta-vs-google-ads.png,Img/blog/blog-meta-vs-google-ads.png
blog/index.html,../Img/blog/blog-brand-identity-costi.png,Img/blog/blog-brand-identity-costi.png
blog/index.html,../Img/blog/blog-facebook-ads-costi.png,Img/blog/blog-facebook-ads-costi.png
blog/index.html,../Img/blog/blog-hosting-sito-web.png,Img/blog/blog-hosting-sito-web.png
blog/index.html,../Img/blog/blog-accessibilita-web.png,Img/blog/blog-accessibilita-web.png
blog/index.html,../Img/blog/blog-sito-multilingua.png,Img/blog/blog-sito-multilingua.png
blog/index.html,../Img/blog/blog-web-design-trends.png,Img/blog/blog-web-design-trends.png
blog/index.html,../Img/blog/blog-form-contatto.png,Img/blog/blog-form-contatto.png
blog/index.html,../Img/blog/blog-ecommerce-confronto.png,Img/blog/blog-ecommerce-confronto.png
blog/index.html,../Img/blog/blog-scheda-prodotto.png,Img/blog/blog-scheda-prodotto.png
blog/index.html,../Img/seo-blog-aziendale.png,Img/seo-blog-aziendale.png
blog/index.html,../Img/aggiornamenti-algoritmo-google-2026.png,Img/aggiornamenti-algoritmo-google-2026.png
blog/index.html,../Img/seo-youtube-video.png,Img/seo-youtube-video.png
blog/index.html,../Img/headless-cms-guida.png,Img/headless-cms-guida.png
blog/index.html,../Img/cloud-hosting-vs-tradizionale.png,Img/cloud-hosting-vs-tradizionale.png
blog/index.html,../Img/cyber-security-pmi.png,Img/cyber-security-pmi.png
blog/index.html,../Img/gdpr-sito-web-conformita.png,Img/gdpr-sito-web-conformita.png
blog/index.html,../Img/blog/blog-come-scegliere-web-agency.webp,Img/blog/blog-come-scegliere-web-agency.webp
blog/index.html,../Img/seo-blog-aziendale.webp,Img/seo-blog-aziendale.webp
blog/index.html,../Img/aggiornamenti-algoritmo-google-2026.webp,Img/aggiornamenti-algoritmo-google-2026.webp
blog/index.html,../Img/seo-youtube-video.webp,Img/seo-youtube-video.webp
blog/index.html,../Img/headless-cms-guida.webp,Img/headless-cms-guida.webp
blog/index.html,../Img/cloud-hosting-vs-tradizionale.webp,Img/cloud-hosting-vs-tradizionale.webp
blog/index.html,../Img/cyber-security-pmi.webp,Img/cyber-security-pmi.webp
blog/index.html,../Img/gdpr-sito-web-conformita.webp,Img/gdpr-sito-web-conformita.webp
blog/index.html,../Img/blog/blog-pagina-prezzi-ottimizzazione.webp,Img/blog/blog-pagina-prezzi-ottimizzazione.webp
blog/index.html,../Img/blog/blog-copywriting-persuasivo-web.webp,Img/blog/blog-copywriting-persuasivo-web.webp
blog/index.html,../Img/blog/blog-lead-magnet-guida.webp,Img/blog/blog-lead-magnet-guida.webp
blog/index.html,../Img/blog/blog-heatmap-analisi-comportamento.webp,Img/blog/blog-heatmap-analisi-comportamento.webp
blog/index.html,../Img/blog/blog-exit-intent-popup.webp,Img/blog/blog-exit-intent-popup.webp
blog/index.html,../Img/blog/blog-trust-signals-ecommerce.webp,Img/blog/blog-trust-signals-ecommerce.webp
blog/index.html,../Img/blog/blog-thank-you-page-ottimizzazione.webp,Img/blog/blog-thank-you-page-ottimizzazione.webp
blog/index.html,../Img/blog/blog-personal-brand-consulente.webp,Img/blog/blog-personal-brand-consulente.webp
blog/index.html,../Img/blog/blog-social-commerce-guida.webp,Img/blog/blog-social-commerce-guida.webp
blog/index.html,../Img/blog/blog-influencer-marketing-pmi.webp,Img/blog/blog-influencer-marketing-pmi.webp
blog/index.html,../Img/blog/blog-social-media-automation-tool.webp,Img/blog/blog-social-media-automation-tool.webp
blog/index.html,../Img/blog/blog-tendenze-social-media-2026.webp,Img/blog/blog-tendenze-social-media-2026.webp
blog/index.html,../Img/blog/blog-bounce-rate-ridurre.webp,Img/blog/blog-bounce-rate-ridurre.webp
blog/index.html,../Img/blog/blog-data-driven-marketing.webp,Img/blog/blog-data-driven-marketing.webp
blog/index.html,../Img/blog/blog-marketing-plan-modello.webp,Img/blog/blog-marketing-plan-modello.webp
blog/index.html,../Img/blog/blog-customer-journey-mapping.webp,Img/blog/blog-customer-journey-mapping.webp
blog/index.html,../Img/blog/blog-unique-selling-proposition.webp,Img/blog/blog-unique-selling-proposition.webp
blog/index.html,../Img/blog/blog-omnichannel-strategia.webp,Img/blog/blog-omnichannel-strategia.webp
blog/index.html,../Img/blog/blog-growth-hacking-pmi.webp,Img/blog/blog-growth-hacking-pmi.webp
blog/index.html,../Img/blog/blog-competitor-analysis-metodo.webp,Img/blog/blog-competitor-analysis-metodo.webp
blog/index.html,../Img/blog/blog-digital-transformation-pmi.webp,Img/blog/blog-digital-transformation-pmi.webp
blog/index.html,../Img/blog/blog-outsourcing-vs-inhouse-marketing.webp,Img/blog/blog-outsourcing-vs-inhouse-marketing.webp
blog/index.html,../Img/blog/blog-retention-marketing-strategie.webp,Img/blog/blog-retention-marketing-strategie.webp
blog/index.html,../Img/blog/blog-marketing-digitale-attivita-locali.webp,Img/blog/blog-marketing-digitale-attivita-locali.webp
blog/index.html,../Img/blog/blog-email-vs-sms-marketing.webp,Img/blog/blog-email-vs-sms-marketing.webp
blog/index.html,../Img/blog/blog-sito-intelligenza-artificiale-limiti.webp,Img/blog/blog-sito-intelligenza-artificiale-limiti.webp
blog/index.html,../Img/blog/blog-tradurre-sito-web-guida.webp,Img/blog/blog-tradurre-sito-web-guida.webp
blog/index.html,../Img/blog/blog-url-strane-search-console.webp,Img/blog/blog-url-strane-search-console.webp
blog/index.html,../Img/blog/blog-engagement-sito-web-strategie.webp,Img/blog/blog-engagement-sito-web-strategie.webp
blog/index.html,../Img/blog/blog-dati-obbligatori-sito-web.webp,Img/blog/blog-dati-obbligatori-sito-web.webp
blog/index.html,../Img/blog/blog-alternativa-linktree-link-in-bio.webp,Img/blog/blog-alternativa-linktree-link-in-bio.webp
portfolio/case-study/arconti31.html,Img/webnovis-logo-bianco.webp,portfolio/case-study/Img/webnovis-logo-bianco.webp
portfolio/case-study/muse-editorial.html,Img/webnovis-logo-bianco.webp,portfolio/case-study/Img/webnovis-logo-bianco.webp
portfolio/case-study/mikuna.html,Img/webnovis-logo-bianco.webp,portfolio/case-study/Img/webnovis-logo-bianco.webp
portfolio/case-study/aether-digital.html,Img/webnovis-logo-bianco.webp,portfolio/case-study/Img/webnovis-logo-bianco.webp
portfolio/case-study/mimmo-fratelli.html,Img/webnovis-logo-bianco.webp,portfolio/case-study/Img/webnovis-logo-bianco.webp
portfolio/case-study/fbtotalsecurity.html,Img/webnovis-logo-bianco.webp,portfolio/case-study/Img/webnovis-logo-bianco.webp
portfolio/case-study/ember-oak.html,Img/webnovis-logo-bianco.webp,portfolio/case-study/Img/webnovis-logo-bianco.webp
portfolio/case-study/popblock-studio.html,Img/webnovis-logo-bianco.webp,portfolio/case-study/Img/webnovis-logo-bianco.webp
portfolio/case-study/lumina-creative.html,Img/webnovis-logo-bianco.webp,portfolio/case-study/Img/webnovis-logo-bianco.webp
portfolio/case-study/structure-arch.html,Img/webnovis-logo-bianco.webp,portfolio/case-study/Img/webnovis-logo-bianco.webp
portfolio/case-study/quickseo.html,Img/webnovis-logo-bianco.webp,portfolio/case-study/Img/webnovis-logo-bianco.webp
templates/base-pages/realizzazione-siti-web-source.html,Img/webnovis-logo-bianco.png,templates/base-pages/Img/webnovis-logo-bianco.png
templates/base-pages/realizzazione-siti-web-source.html,Img/rho-fiera-milano.png,templates/base-pages/Img/rho-fiera-milano.png
templates/base-pages/realizzazione-siti-web-source.html,Img/rho-digital-ecosystem.png,templates/base-pages/Img/rho-digital-ecosystem.png
templates/base-pages/realizzazione-siti-web-source.html,Img/rho-web-design-studio.png,templates/base-pages/Img/rho-web-design-studio.png
templates/base-pages/realizzazione-siti-web-source.html,Img/webnovis-logo-bianco-300.png,templates/base-pages/Img/webnovis-logo-bianco-300.png
templates/base-pages/realizzazione-siti-web-source.html,Img/designrush-badge.png,templates/base-pages/Img/designrush-badge.png
templates/base-pages/realizzazione-siti-web-source.html,Img/rho-fiera-milano-sm.webp,templates/base-pages/Img/rho-fiera-milano-sm.webp
templates/base-pages/realizzazione-siti-web-source.html,Img/rho-fiera-milano.webp,templates/base-pages/Img/rho-fiera-milano.webp
templates/base-pages/realizzazione-siti-web-source.html,Img/rho-digital-ecosystem-sm.webp,templates/base-pages/Img/rho-digital-ecosystem-sm.webp
templates/base-pages/realizzazione-siti-web-source.html,Img/rho-digital-ecosystem.webp,templates/base-pages/Img/rho-digital-ecosystem.webp
templates/base-pages/realizzazione-siti-web-source.html,Img/rho-web-design-studio-sm.webp,templates/base-pages/Img/rho-web-design-studio-sm.webp
templates/base-pages/realizzazione-siti-web-source.html,Img/rho-web-design-studio.webp,templates/base-pages/Img/rho-web-design-studio.webp
templates/base-pages/realizzazione-siti-web-source.html,Img/webnovis-logo-bianco-150.webp,templates/base-pages/Img/webnovis-logo-bianco-150.webp
templates/base-pages/realizzazione-siti-web-source.html,Img/webnovis-logo-bianco.webp,templates/base-pages/Img/webnovis-logo-bianco.webp
templates/base-pages/agenzia-web-source.html,Img/webnovis-logo-bianco.png,templates/base-pages/Img/webnovis-logo-bianco.png
templates/base-pages/agenzia-web-source.html,Img/webnovis-logo-bianco-300.png,templates/base-pages/Img/webnovis-logo-bianco-300.png
templates/base-pages/agenzia-web-source.html,Img/designrush-badge.png,templates/base-pages/Img/designrush-badge.png
templates/base-pages/agenzia-web-source.html,Img/webnovis-logo-bianco-150.webp,templates/base-pages/Img/webnovis-logo-bianco-150.webp
templates/base-pages/agenzia-web-source.html,Img/webnovis-logo-bianco.webp,templates/base-pages/Img/webnovis-logo-bianco.webp
